feature,mean_abs_shap,shap_variance,importance_rank
module_id,28.320998676455982,1171.4878136899438,1.0
engagement_level,26.533669834576404,995.786829640286,2.0
cluster_id,17.42271424033298,461.4367523809603,3.0
score_bin,11.387347301126823,431.0121691287711,4.0
learning_phase,9.120681480721565,149.83305956992737,5.0
progress_bin,7.419957016321771,95.96254107900714,6.0
