,view_course,view_assignment,submit_assignment,attempt_quiz,submit_quiz,view_resource
view_course,0.0,0.5173530772758295,0.0,0.0,0.0,0.48264692272417054
view_assignment,0.16666666666666669,0.0,0.8333333333333334,0.0,0.0,0.0
submit_assignment,0.2,0.0,0.0,0.5,0.0,0.3
attempt_quiz,0.0,0.0,0.0,0.09090909090909091,0.9090909090909091,0.0
submit_quiz,0.4,0.3,0.0,0.0,0.0,0.3
view_resource,0.3,0.4,0.0,0.0,0.0,0.3
