{
  "total_events": {
    "mean": 1134.6045045045046,
    "std": 1781.992533114849,
    "min": 1.0,
    "max": 30770.0,
    "percentiles": {
      "0.25": 303.75,
      "0.5": 624.5,
      "0.75": 1244.25
    }
  },
  "avg_grade": {
    "mean": 5.726598879442696,
    "std": 2.6414591481174905,
    "min": -1.0,
    "max": 10.0,
    "percentiles": {
      "0.25": 3.9697420634920637,
      "0.5": 6.2,
      "0.75": 7.833333333333333
    }
  },
  "active_days": {
    "mean": 113.01981981981982,
    "std": 33.98065492150596,
    "min": 0.0,
    "max": 145.0,
    "percentiles": {
      "0.25": 105.0,
      "0.5": 125.0,
      "0.75": 137.0
    }
  }
}