{
  "states": [
    "resource_view",
    "quiz_attempt",
    "reading_complete",
    "video_view",
    "forum_post",
    "assignment_submit"
  ],
  "global": {
    "transition_matrix": [
      [
        0.24174757281553397,
        0.2912621359223301,
        0.038834951456310676,
        0.16310679611650486,
        0.10679611650485436,
        0.15825242718446603
      ],
      [
        0.25346020761245674,
        0.3088235294117647,
        0.052768166089965395,
        0.16003460207612458,
        0.0847750865051903,
        0.14013840830449828
      ],
      [
        0.2875,
        0.29375,
        0.0375,
        0.14375,
        0.08125,
        0.15625
      ],
      [
        0.2752442996742671,
        0.2785016286644951,
        0.04723127035830619,
        0.14006514657980457,
        0.10749185667752444,
        0.15146579804560262
      ],
      [
        0.2402088772845953,
        0.30548302872062666,
        0.04177545691906005,
        0.1566579634464752,
        0.11488250652741515,
        0.1409921671018277
      ],
      [
        0.2786596119929453,
        0.2945326278659612,
        0.04056437389770723,
        0.14462081128747795,
        0.10582010582010581,
        0.13580246913580246
      ]
    ],
    "transition_counts": [
      [
        249.0,
        300.0,
        40.0,
        168.0,
        110.0,
        163.0
      ],
      [
        293.0,
        357.0,
        61.0,
        185.0,
        98.0,
        162.0
      ],
      [
        46.0,
        47.0,
        6.0,
        23.0,
        13.0,
        25.0
      ],
      [
        169.0,
        171.0,
        29.0,
        86.0,
        66.0,
        93.0
      ],
      [
        92.0,
        117.0,
        16.0,
        60.0,
        44.0,
        54.0
      ],
      [
        158.0,
        167.0,
        23.0,
        82.0,
        60.0,
        77.0
      ]
    ]
  },
  "archetypes": {
    "Struggling but Trying": {
      "transition_matrix": [
        [
          0.23555555555555555,
          0.29333333333333333,
          0.044444444444444446,
          0.16666666666666666,
          0.10444444444444445,
          0.15555555555555556
        ],
        [
          0.2608695652173913,
          0.32919254658385094,
          0.041407867494824016,
          0.14285714285714285,
          0.07660455486542443,
          0.14906832298136646
        ],
        [
          0.3157894736842105,
          0.3333333333333333,
          0.03508771929824561,
          0.07017543859649122,
          0.07017543859649122,
          0.17543859649122806
        ],
        [
          0.2838983050847458,
          0.2584745762711864,
          0.05508474576271186,
          0.11864406779661017,
          0.11440677966101695,
          0.1694915254237288
        ],
        [
          0.22839506172839505,
          0.3271604938271605,
          0.030864197530864196,
          0.15432098765432098,
          0.09259259259259259,
          0.16666666666666666
        ],
        [
          0.30991735537190085,
          0.29338842975206614,
          0.04132231404958678,
          0.14049586776859505,
          0.09090909090909091,
          0.12396694214876033
        ]
      ],
      "transition_counts": [
        [
          106.0,
          132.0,
          20.0,
          75.0,
          47.0,
          70.0
        ],
        [
          126.0,
          159.0,
          20.0,
          69.0,
          37.0,
          72.0
        ],
        [
          18.0,
          19.0,
          2.0,
          4.0,
          4.0,
          10.0
        ],
        [
          67.0,
          61.0,
          13.0,
          28.0,
          27.0,
          40.0
        ],
        [
          37.0,
          53.0,
          5.0,
          25.0,
          15.0,
          27.0
        ],
        [
          75.0,
          71.0,
          10.0,
          34.0,
          22.0,
          30.0
        ]
      ],
      "num_sequences": 454
    },
    "Efficient Learner": {
      "transition_matrix": [
        [
          0.23115577889447236,
          0.2663316582914573,
          0.035175879396984924,
          0.1457286432160804,
          0.15577889447236182,
          0.1658291457286432
        ],
        [
          0.24774774774774774,
          0.25675675675675674,
          0.07657657657657657,
          0.21621621621621623,
          0.07207207207207207,
          0.13063063063063063
        ],
        [
          0.25,
          0.2727272727272727,
          0.06818181818181818,
          0.11363636363636363,
          0.045454545454545456,
          0.25
        ],
        [
          0.2803030303030303,
          0.3333333333333333,
          0.030303030303030304,
          0.10606060606060606,
          0.11363636363636363,
          0.13636363636363635
        ],
        [
          0.25287356321839083,
          0.20689655172413793,
          0.06896551724137931,
          0.14942528735632185,
          0.19540229885057472,
          0.12643678160919541
        ],
        [
          0.23008849557522124,
          0.2743362831858407,
          0.05309734513274336,
          0.168141592920354,
          0.1504424778761062,
          0.12389380530973451
        ]
      ],
      "transition_counts": [
        [
          46.0,
          53.0,
          7.0,
          29.0,
          31.0,
          33.0
        ],
        [
          55.0,
          57.0,
          17.0,
          48.0,
          16.0,
          29.0
        ],
        [
          11.0,
          12.0,
          3.0,
          5.0,
          2.0,
          11.0
        ],
        [
          37.0,
          44.0,
          4.0,
          14.0,
          15.0,
          18.0
        ],
        [
          22.0,
          18.0,
          6.0,
          13.0,
          17.0,
          11.0
        ],
        [
          26.0,
          31.0,
          6.0,
          19.0,
          17.0,
          14.0
        ]
      ],
      "num_sequences": 212
    }
  }
}