{
  "original": {
    "total_events": {
      "mean": 898.5648648648648,
      "median": 624.5,
      "std": 800.0806963525876,
      "variance": 640129.1206760413,
      "min": 1.0,
      "max": 2655.0,
      "range": 2654.0,
      "q1": 303.75,
      "q3": 1244.25,
      "iqr": 940.5,
      "skewness": 1.0757660473921713,
      "kurtosis": 0.028509868361012547,
      "count": 1110
    },
    "event_diversity": {
      "mean": 27.541441441441442,
      "median": 28.0,
      "std": 10.903362445516478,
      "variance": 118.88331261829909,
      "min": 1.0,
      "max": 56.0,
      "range": 55.0,
      "q1": 21.0,
      "q3": 35.0,
      "iqr": 14.0,
      "skewness": -0.0583579266678126,
      "kurtosis": 0.04356823353428396,
      "count": 1110
    },
    "num_courses": {
      "mean": 9.124324324324323,
      "median": 9.0,
      "std": 2.991247111415884,
      "variance": 8.94755928155387,
      "min": 1.0,
      "max": 17.0,
      "range": 16.0,
      "q1": 7.0,
      "q3": 11.0,
      "iqr": 4.0,
      "skewness": -0.30217722029663496,
      "kurtosis": 0.4286791365983498,
      "count": 1110
    },
    "active_days": {
      "mean": 115.98558558558558,
      "median": 125.0,
      "std": 26.007035348514993,
      "variance": 676.3658876189083,
      "min": 57.0,
      "max": 145.0,
      "range": 88.0,
      "q1": 105.0,
      "q3": 137.0,
      "iqr": 32.0,
      "skewness": -1.1249687665083354,
      "kurtosis": 0.14975378800884487,
      "count": 1110
    },
    "avg_grade": {
      "mean": 5.726598879442696,
      "median": 6.2,
      "std": 2.6414591481174905,
      "variance": 6.977306431173578,
      "min": -1.0,
      "max": 10.0,
      "range": 11.0,
      "q1": 3.9697420634920637,
      "q3": 7.833333333333333,
      "iqr": 3.8635912698412693,
      "skewness": -0.644744354776248,
      "kurtosis": -0.2747037740565297,
      "count": 1110
    },
    "grade_std": {
      "mean": 3.213329109623761,
      "median": 3.6620642110310255,
      "std": 1.5740333354936447,
      "variance": 2.4775809412452485,
      "min": 0.0,
      "max": 7.0710678118654755,
      "range": 7.0710678118654755,
      "q1": 1.941449141968343,
      "q3": 4.516810853924773,
      "iqr": 2.57536171195643,
      "skewness": -0.5300337978569916,
      "kurtosis": -0.909562783889736,
      "count": 1110
    },
    "num_assessments": {
      "mean": 15.294594594594594,
      "median": 13.0,
      "std": 9.992091894173706,
      "variance": 99.84190042161188,
      "min": 1.0,
      "max": 38.0,
      "range": 37.0,
      "q1": 8.0,
      "q3": 20.0,
      "iqr": 12.0,
      "skewness": 0.8092541356285304,
      "kurtosis": -0.02499133524270336,
      "count": 1110
    }
  },
  "standardized": {
    "total_events": {
      "mean": 2.5605143630994602e-17,
      "median": -0.3427009328350093,
      "std": 1.0004507550375406,
      "variance": 1.000901713255185,
      "min": -1.122348596638927,
      "max": 2.1963120284382143,
      "range": 3.3186606250771415,
      "q1": -0.7437787005416758,
      "q3": 0.4322575910502803,
      "iqr": 1.1760362915919562,
      "skewness": 1.075766047392171,
      "kurtosis": 0.02850986836101166,
      "count": 1110
    },
    "event_diversity": {
      "mean": -1.0242057452397841e-16,
      "median": 0.04207557608318175,
      "std": 1.0004507550375406,
      "variance": 1.000901713255185,
      "min": -2.435340956751709,
      "max": 2.6112482768008465,
      "range": 5.046589233552556,
      "q1": -0.6002175990962344,
      "q3": 0.6843687512625979,
      "iqr": 1.2845863503588322,
      "skewness": -0.058357926667812594,
      "kurtosis": 0.04356823353428396,
      "count": 1110
    },
    "num_courses": {
      "mean": 2.7525529403319196e-16,
      "median": -0.04158144061890193,
      "std": 1.0004507550375406,
      "variance": 1.000901713255185,
      "min": -2.7172567500091307,
      "max": 2.634093868771327,
      "range": 5.351350618780458,
      "q1": -0.710500267966459,
      "q3": 0.6273373867286552,
      "iqr": 1.3378376546951143,
      "skewness": -0.302177220296636,
      "kurtosis": 0.4286791365983511,
      "count": 1110
    },
    "active_days": {
      "mean": 1.1842378929335003e-16,
      "median": 0.3467706944012421,
      "std": 1.0004507550375406,
      "variance": 1.000901713255185,
      "min": -2.2690849935265756,
      "max": 1.116140014380012,
      "range": 3.3852250079065875,
      "q1": -0.42259862557752775,
      "q3": 0.8083922863885039,
      "iqr": 1.2309909119660316,
      "skewness": -1.124968766508336,
      "kurtosis": 0.1497537880088453,
      "count": 1110
    },
    "avg_grade": {
      "mean": 2.816565799409406e-16,
      "median": 0.1793003343756831,
      "std": 1.0004507550375406,
      "variance": 1.000901713255185,
      "min": -2.5476944939955546,
      "max": 1.6185476049049474,
      "range": 4.1662420989005025,
      "q1": -0.665408257123074,
      "q3": 0.7979241611821211,
      "iqr": 1.4633324183051952,
      "skewness": -0.644744354776249,
      "kurtosis": -0.27470377405652835,
      "count": 1110
    },
    "grade_std": {
      "mean": -3.8407715446491904e-16,
      "median": 0.28521465263246815,
      "std": 1.0004507550375406,
      "variance": 1.000901713255185,
      "min": -2.042382115686888,
      "max": 2.4519668741226908,
      "range": 4.494348989809579,
      "q1": -0.808403002188592,
      "q3": 0.8284889943926242,
      "iqr": 1.636891996581216,
      "skewness": -0.5300337978569903,
      "kurtosis": -0.9095627838897369,
      "count": 1110
    },
    "num_assessments": {
      "mean": 5.1210287261989203e-17,
      "median": -0.22974457390706948,
      "std": 1.0004507550375406,
      "variance": 1.000901713255185,
      "min": -1.431235631795631,
      "max": 2.2733617966941004,
      "range": 3.7045974284897314,
      "q1": -0.7303658480273034,
      "q3": 0.47112520986125805,
      "iqr": 1.2014910578885614,
      "skewness": 0.8092541356285307,
      "kurtosis": -0.024991335242702917,
      "count": 1110
    }
  },
  "outlier_summary": {
    "total_events": {
      "count": 105,
      "percentage": 9.45945945945946,
      "lower_bound": -1107.0,
      "upper_bound": 2655.0
    },
    "event_diversity": {
      "count": 9,
      "percentage": 0.8108108108108109,
      "lower_bound": 0.0,
      "upper_bound": 56.0
    },
    "num_courses": {
      "count": 13,
      "percentage": 1.1711711711711712,
      "lower_bound": 1.0,
      "upper_bound": 17.0
    },
    "active_days": {
      "count": 95,
      "percentage": 8.558558558558559,
      "lower_bound": 57.0,
      "upper_bound": 185.0
    },
    "avg_grade": {
      "count": 0,
      "percentage": 0.0,
      "lower_bound": -1.8256448412698405,
      "upper_bound": 13.628720238095237
    },
    "num_assessments": {
      "count": 80,
      "percentage": 7.207207207207207,
      "lower_bound": -10.0,
      "upper_bound": 38.0
    }
  },
  "scaler_params": {
    "mean": [
      898.5648648648648,
      27.541441441441442,
      9.124324324324323,
      115.98558558558558,
      5.726598879442696,
      3.213329109623761,
      15.294594594594594
    ],
    "std": [
      799.7202184355046,
      10.898449914316219,
      2.9898993991999556,
      25.995317828051533,
      2.6402690335501555,
      1.5733241517065788,
      9.9875899376964
    ],
    "features": [
      "total_events",
      "event_diversity",
      "num_courses",
      "active_days",
      "avg_grade",
      "grade_std",
      "num_assessments"
    ]
  }
}