{
  "0": {
    "n_samples": 311,
    "mean_abs_shap": [
      20.6471498397987,
      30.726424724464156,
      8.432787612921535,
      14.483178372825108,
      9.58361556675697,
      30.504907782427445
    ],
    "top_feature": "module_id",
    "top_importance": 30.726424724464156
  },
  "2": {
    "n_samples": 286,
    "mean_abs_shap": [
      5.875173525143113,
      27.764562874429387,
      6.731028025734658,
      6.8462855389051205,
      8.857103231801625,
      25.907441909575244
    ],
    "top_feature": "module_id",
    "top_importance": 27.764562874429387
  },
  "4": {
    "n_samples": 205,
    "mean_abs_shap": [
      28.64123703599373,
      25.448087156695347,
      6.844558849323644,
      13.026079987454864,
      8.78610039991224,
      21.38267561393579
    ],
    "top_feature": "cluster_id",
    "top_importance": 28.64123703599373
  }
}