{
  "0": {
    "n_students": 12,
    "percentage": 80.0,
    "mean": {
      "total_events": 0.6755689424333334,
      "\\assignsubmission_comments\\event\\comment_created": 0.08333333333333333,
      "\\assignsubmission_file\\event\\assessable_uploaded": 0.5208333333333334,
      "\\assignsubmission_file\\event\\submission_created": 0.891025641025,
      "\\core\\event\\badge_listing_viewed": 0.08333333333333333,
      "\\core\\event\\course_module_completion_updated": 0.37870370370833334,
      "\\core\\event\\course_user_report_viewed": 0.166666666675,
      "\\core\\event\\recent_activity_viewed": 0.16666666666666666,
      "\\core\\event\\user_list_viewed": 0.08333333333333333,
      "\\core\\event\\user_profile_viewed": 0.0,
      "\\gradereport_overview\\event\\grade_report_viewed": 0.125,
      "\\gradereport_user\\event\\grade_report_viewed": 0.2967171717166667,
      "\\mod_assign\\event\\feedback_viewed": 0.30929487179166665,
      "\\mod_data\\event\\course_module_viewed": 0.32624113474166666,
      "\\mod_data\\event\\record_created": 0.8333333333333334,
      "\\mod_data\\event\\record_updated": 0.08333333333333333,
      "\\mod_folder\\event\\course_module_viewed": 0.38414634144166676,
      "\\mod_page\\event\\course_module_viewed": 0.44444444444166664,
      "\\mod_quiz\\event\\attempt_reviewed": 0.6666666666666666,
      "\\mod_quiz\\event\\attempt_started": 1.0,
      "\\mod_quiz\\event\\attempt_summary_viewed": 0.4722222222166666,
      "\\mod_quiz\\event\\course_module_viewed": 0.5722222222166667,
      "\\mod_resource\\event\\course_module_viewed": 0.5704225352083333,
      "\\mod_url\\event\\course_module_viewed": 0.3125,
      "mean_module_grade": 0.6992992992916666
    },
    "std": {
      "total_events": 0.21192326476832152,
      "\\assignsubmission_comments\\event\\comment_created": 0.28867513459481287,
      "\\assignsubmission_file\\event\\assessable_uploaded": 0.17789373570190428,
      "\\assignsubmission_file\\event\\submission_created": 0.20863121970501344,
      "\\core\\event\\badge_listing_viewed": 0.28867513459481287,
      "\\core\\event\\course_module_completion_updated": 0.3018632127027579,
      "\\core\\event\\course_user_report_viewed": 0.33700705344502874,
      "\\core\\event\\recent_activity_viewed": 0.3256694736394648,
      "\\core\\event\\user_list_viewed": 0.28867513459481287,
      "\\core\\event\\user_profile_viewed": 0.0,
      "\\gradereport_overview\\event\\grade_report_viewed": 0.3107907802540305,
      "\\gradereport_user\\event\\grade_report_viewed": 0.3271692988614675,
      "\\mod_assign\\event\\feedback_viewed": 0.28125715977497173,
      "\\mod_data\\event\\course_module_viewed": 0.2690280511362549,
      "\\mod_data\\event\\record_created": 0.3892494720807615,
      "\\mod_data\\event\\record_updated": 0.28867513459481287,
      "\\mod_folder\\event\\course_module_viewed": 0.26476720168406975,
      "\\mod_page\\event\\course_module_viewed": 0.3301616785870332,
      "\\mod_quiz\\event\\attempt_reviewed": 0.2741377667369368,
      "\\mod_quiz\\event\\attempt_started": 0.0,
      "\\mod_quiz\\event\\attempt_summary_viewed": 0.26432048705139033,
      "\\mod_quiz\\event\\course_module_viewed": 0.21734547898933712,
      "\\mod_resource\\event\\course_module_viewed": 0.2985661816244154,
      "\\mod_url\\event\\course_module_viewed": 0.37119279479684264,
      "mean_module_grade": 0.11137364365309714
    },
    "z_scores": {
      "total_events": 0.3379573191575053,
      "\\assignsubmission_comments\\event\\comment_created": 0.06454972241179026,
      "\\assignsubmission_file\\event\\assessable_uploaded": 0.31111938842586495,
      "\\assignsubmission_file\\event\\submission_created": 0.3299532068978541,
      "\\core\\event\\badge_listing_viewed": 0.06454972241179026,
      "\\core\\event\\course_module_completion_updated": 0.2094482886963245,
      "\\core\\event\\course_user_report_viewed": 0.1087222558472687,
      "\\core\\event\\recent_activity_viewed": 0.11230588855493635,
      "\\core\\event\\user_list_viewed": -0.14209963997431668,
      "\\core\\event\\user_profile_viewed": -0.2581988896471611,
      "\\gradereport_overview\\event\\grade_report_viewed": 0.08918825846976626,
      "\\gradereport_user\\event\\grade_report_viewed": 0.1269639066545331,
      "\\mod_assign\\event\\feedback_viewed": 0.12496964171695983,
      "\\mod_data\\event\\course_module_viewed": 0.23807413621101614,
      "\\mod_data\\event\\record_created": 0.3415650254619867,
      "\\mod_data\\event\\record_updated": 0.06454972241179026,
      "\\mod_folder\\event\\course_module_viewed": 0.2406287820892737,
      "\\mod_page\\event\\course_module_viewed": 0.2449489742096772,
      "\\mod_quiz\\event\\attempt_reviewed": 0.3625677853719778,
      "\\mod_quiz\\event\\attempt_started": 0.48304589142298104,
      "\\mod_quiz\\event\\attempt_summary_viewed": 0.3094931094168122,
      "\\mod_quiz\\event\\course_module_viewed": 0.32141603421028375,
      "\\mod_resource\\event\\course_module_viewed": 0.26744634302425,
      "\\mod_url\\event\\course_module_viewed": 0.17677669524663686,
      "mean_module_grade": 0.25569426354020425
    },
    "top_strengths": {
      "\\mod_quiz\\event\\attempt_started": {
        "value": 1.0,
        "z_score": 0.48304589142298104
      },
      "\\mod_quiz\\event\\attempt_reviewed": {
        "value": 0.6666666666666666,
        "z_score": 0.3625677853719778
      },
      "\\mod_data\\event\\record_created": {
        "value": 0.8333333333333334,
        "z_score": 0.3415650254619867
      },
      "total_events": {
        "value": 0.6755689424333334,
        "z_score": 0.3379573191575053
      },
      "\\assignsubmission_file\\event\\submission_created": {
        "value": 0.891025641025,
        "z_score": 0.3299532068978541
      },
      "\\mod_quiz\\event\\course_module_viewed": {
        "value": 0.5722222222166667,
        "z_score": 0.32141603421028375
      },
      "\\assignsubmission_file\\event\\assessable_uploaded": {
        "value": 0.5208333333333334,
        "z_score": 0.31111938842586495
      },
      "\\mod_quiz\\event\\attempt_summary_viewed": {
        "value": 0.4722222222166666,
        "z_score": 0.3094931094168122
      },
      "\\mod_resource\\event\\course_module_viewed": {
        "value": 0.5704225352083333,
        "z_score": 0.26744634302425
      },
      "mean_module_grade": {
        "value": 0.6992992992916666,
        "z_score": 0.25569426354020425
      }
    },
    "top_weaknesses": {
      "\\gradereport_user\\event\\grade_report_viewed": {
        "value": 0.2967171717166667,
        "z_score": 0.1269639066545331
      },
      "\\mod_assign\\event\\feedback_viewed": {
        "value": 0.30929487179166665,
        "z_score": 0.12496964171695983
      },
      "\\core\\event\\recent_activity_viewed": {
        "value": 0.16666666666666666,
        "z_score": 0.11230588855493635
      },
      "\\core\\event\\course_user_report_viewed": {
        "value": 0.166666666675,
        "z_score": 0.1087222558472687
      },
      "\\gradereport_overview\\event\\grade_report_viewed": {
        "value": 0.125,
        "z_score": 0.08918825846976626
      },
      "\\assignsubmission_comments\\event\\comment_created": {
        "value": 0.08333333333333333,
        "z_score": 0.06454972241179026
      },
      "\\mod_data\\event\\record_updated": {
        "value": 0.08333333333333333,
        "z_score": 0.06454972241179026
      },
      "\\core\\event\\badge_listing_viewed": {
        "value": 0.08333333333333333,
        "z_score": 0.06454972241179026
      },
      "\\core\\event\\user_list_viewed": {
        "value": 0.08333333333333333,
        "z_score": -0.14209963997431668
      },
      "\\core\\event\\user_profile_viewed": {
        "value": 0.0,
        "z_score": -0.2581988896471611
      }
    }
  },
  "1": {
    "n_students": 3,
    "percentage": 20.0,
    "mean": {
      "total_events": 0.19812583666666664,